theta,mean,std,median,q25,q75,max,count
0.002,269772.5333333333,1451.0252198034852,269633.5,268791.5,270686.5,272306.0,30
