cooling,observation,mean,std,median,q25,q75,max,count
rec-logarithmic,sigmoid,109487.23333333334,527.9327075282954,109524.0,109297.0,109889.5,110287.0,30
