velocity,population,cognitive,social,omega,mean,std,median,q25,q75,max,count
100.0,5,0.5,0.25,0.01,555027.3333333334,1111.622434454088,554824.5,554472.0,555880.5,557120.0,30
