velocity,population,cognitive,social,omega,mean,std,median,q25,q75,max,count
100.0,5,0.5,0.25,0.01,54472.833333333336,30.086178901938638,54481.5,54481.0,54485.0,54503.0,30
