velocity,population,mean,std,median,q25,q75,max,count
1.0,5,535623.1666666666,4480.054087445507,534886.5,532791.5,537106.0,545171.0,30
