velocity,population,mean,std,median,q25,q75,max,count
1.0,5,53889.166666666664,594.9935428993786,53980.0,53868.5,54177.75,54481.0,30
