velocity,population,mean,std,median,q25,q75,max,count
1.0,5,107933.76666666666,744.376095306915,108009.5,107487.5,108378.0,109409.0,30
