theta,mean,std,median,q25,q75,max,count
0.002,526418.0666666667,2531.494814413482,526663.0,524114.25,528443.5,530066.0,30
