cooling,observation,mean,std,median,q25,q75,max,count
rec-logarithmic,sigmoid,54170.86666666667,223.27696320679965,54202.0,54084.0,54322.0,54481.0,30
