velocity,population,mean,std,median,q25,q75,max,count
1.0,5,534121.9655172414,4253.634282106437,533016.0,531501.0,535901.0,544824.0,29
