velocity,population,cognitive,social,omega,mean,std,median,q25,q75,max,count
100.0,5,0.5,0.25,0.01,110519.46666666666,70.332085841744,110546.5,110491.0,110570.25,110592.0,30
